{
  "action": "clear",
  "feature_cols": [
    "i0_ax",
    "i0_ay",
    "i0_az",
    "i0_gx",
    "i0_gy",
    "i0_gz",
    "i1_ax",
    "i1_ay",
    "i1_az",
    "i1_gx",
    "i1_gy",
    "i1_gz"
  ],
  "metric_cols": [
    "overall",
    "start_action",
    "finish_action",
    "continuity",
    "offset",
    "wrist_action"
  ],
  "label_to_value": {
    "bad": 0.0,
    "good": 1.0
  },
  "mean": [
    2.2802748680114746,
    4.423172473907471,
    6.169553756713867,
    42.289798736572266,
    37.345001220703125,
    6.414801120758057,
    -4.3127593994140625,
    -1.1435341835021973,
    1.2853671312332153,
    -22.194198608398438,
    -1.1830013990402222,
    -25.0614013671875
  ],
  "std": [
    11.850831031799316,
    10.618592262268066,
    7.547231197357178,
    325.7889709472656,
    178.00462341308594,
    287.0786437988281,
    8.610450744628906,
    8.595871925354004,
    8.505759239196777,
    252.51197814941406,
    184.11293029785156,
    195.78656005859375
  ],
  "expected_len": 200
}